{
  "customs": [
    {
      "BossChance": 35,
      "BossEscortAmount": "2",
      "BossEscortType": "followerkojaniy",
      "BossName": "bosskojaniy",
      "BossZone": null,
      "Time": -1
    }
  ],
  "factory": [
    {
      "BossChance": 35,
      "BossEscortAmount": "2",
      "BossEscortType": "followerkojaniy",
      "BossName": "bosskojaniy",
      "BossZone": null,
      "Time": -1
    }
  ],
  "factory_night": [
    {
      "BossChance": 35,
      "BossEscortAmount": "2",
      "BossEscortType": "followerkojaniy",
      "BossName": "bosskojaniy",
      "BossZone": null,
      "Time": -1
    }
  ],
  "groundzero": [
    {
      "BossChance": 35,
      "BossEscortAmount": "2",
      "BossEscortType": "followerkojaniy",
      "BossName": "bosskojaniy",
      "BossZone": null,
      "Time": -1
    }
  ],
  "interchange": [
    {
      "BossChance": 35,
      "BossEscortAmount": "2",
      "BossEscortType": "followerkojaniy",
      "BossName": "bosskojaniy",
      "BossZone": null,
      "Time": -1
    }
  ],
  "laboratory": [
    {
      "BossChance": 35,
      "BossEscortAmount": "2",
      "BossEscortType": "followerkojaniy",
      "BossName": "bosskojaniy",
      "BossZone": null,
      "Time": -1
    }
  ],
  "lighthouse": [
    {
      "BossChance": 35,
      "BossEscortAmount": "2",
      "BossEscortType": "followerkojaniy",
      "BossName": "bosskojaniy",
      "BossZone": null,
      "Time": -1
    }
  ],
  "reserve": [
    {
      "BossChance": 35,
      "BossEscortAmount": "2",
      "BossEscortType": "followerkojaniy",
      "BossName": "bosskojaniy",
      "BossZone": null,
      "Time": -1
    }
  ],
  "shoreline": [
    {
      "BossChance": 35,
      "BossEscortAmount": "2",
      "BossEscortType": "followerkojaniy",
      "BossName": "bosskojaniy",
      "BossZone": null,
      "Time": -1
    }
  ],
  "streets": [
    {
      "BossChance": 35,
      "BossEscortAmount": "2",
      "BossEscortType": "followerkojaniy",
      "BossName": "bosskojaniy",
      "BossZone": null,
      "Time": -1
    }
  ],
  "woods": [
    {
      "BossChance": 35,
      "BossEscortAmount": "2",
      "BossEscortType": "followerkojaniy",
      "BossName": "bosskojaniy",
      "BossZone": [
        "ZoneWoodCutter"
      ],
      "Time": -1
    }
  ]
}