{
  "customs": [
    {
      "BossChance": 0,
      "BossEscortAmount": "2",
      "BossEscortType": "followerzryachiy",
      "BossName": "bosszryachiy",
      "BossZone": null,
      "Time": -1
    }
  ],
  "factory": [
    {
      "BossChance": 0,
      "BossEscortAmount": "2",
      "BossEscortType": "followerzryachiy",
      "BossName": "bosszryachiy",
      "BossZone": null,
      "Time": -1
    }
  ],
  "factory_night": [
    {
      "BossChance": 0,
      "BossEscortAmount": "2",
      "BossEscortType": "followerzryachiy",
      "BossName": "bosszryachiy",
      "BossZone": null,
      "Time": -1
    }
  ],
  "groundzero": [
    {
      "BossChance": 0,
      "BossEscortAmount": "2",
      "BossEscortType": "followerzryachiy",
      "BossName": "bosszryachiy",
      "BossZone": null,
      "Time": -1
    }
  ],
  "interchange": [
    {
      "BossChance": 0,
      "BossEscortAmount": "2",
      "BossEscortType": "followerzryachiy",
      "BossName": "bosszryachiy",
      "BossZone": null,
      "Time": -1
    }
  ],
  "laboratory": [
    {
      "BossChance": 0,
      "BossEscortAmount": "2",
      "BossEscortType": "followerzryachiy",
      "BossName": "bosszryachiy",
      "BossZone": null,
      "Time": -1
    }
  ],
  "lighthouse": [
    {
      "BossChance": 100,
      "BossEscortAmount": "2",
      "BossEscortType": "followerzryachiy",
      "BossName": "bosszryachiy",
      "BossZone": [
        "Zone_Island"
      ],
      "Time": -1
    }
  ],
  "reserve": [
    {
      "BossChance": 0,
      "BossEscortAmount": "2",
      "BossEscortType": "followerzryachiy",
      "BossName": "bosszryachiy",
      "BossZone": null,
      "Time": -1
    }
  ],
  "shoreline": [
    {
      "BossChance": 0,
      "BossEscortAmount": "2",
      "BossEscortType": "followerzryachiy",
      "BossName": "bosszryachiy",
      "BossZone": null,
      "Time": -1
    }
  ],
  "streets": [
    {
      "BossChance": 0,
      "BossEscortAmount": "2",
      "BossEscortType": "followerzryachiy",
      "BossName": "bosszryachiy",
      "BossZone": null,
      "Time": -1
    }
  ],
  "woods": [
    {
      "BossChance": 0,
      "BossEscortAmount": "2",
      "BossEscortType": "followerzryachiy",
      "BossName": "bosszryachiy",
      "BossZone": null,
      "Time": -1
    }
  ]
}
