{
  "customs": [
    {
      "BossChance": 15,
      "BossEscortAmount": "4",
      "BossEscortType": "exusec",
      "BossName": "bosslegion",
      "BossZone": null,
      "Time": -1
    }
  ],
  "factory": [
    {
      "BossChance": 15,
      "BossEscortAmount": "4",
      "BossEscortType": "exusec",
      "BossName": "bosslegion",
      "BossZone": null,
      "Time": -1
    }
  ],
  "factory_night": [
    {
      "BossChance": 15,
      "BossEscortAmount": "4",
      "BossEscortType": "exusec",
      "BossName": "bosslegion",
      "BossZone": null,
      "Time": -1
    }
  ],
  "groundzero": [
    {
      "BossChance": 15,
      "BossEscortAmount": "4",
      "BossEscortType": "exusec",
      "BossName": "bosslegion",
      "BossZone": null,
      "Time": -1
    }
  ],
  "interchange": [
    {
      "BossChance": 15,
      "BossEscortAmount": "4",
      "BossEscortType": "exusec",
      "BossName": "bosslegion",
      "BossZone": null,
      "Time": -1
    }
  ],
  "laboratory": [
    {
      "BossChance": 15,
      "BossEscortAmount": "4",
      "BossEscortType": "exusec",
      "BossName": "bosslegion",
      "BossZone": null,
      "Time": -1
    }
  ],
  "lighthouse": [
    {
      "BossChance": 15,
      "BossEscortAmount": "4",
      "BossEscortType": "exusec",
      "BossName": "bosslegion",
      "BossZone": null,
      "Time": -1
    }
  ],
  "reserve": [
    {
      "BossChance": 15,
      "BossEscortAmount": "4",
      "BossEscortType": "exusec",
      "BossName": "bosslegion",
      "BossZone": null,
      "Time": -1
    }
  ],
  "shoreline": [
    {
      "BossChance": 15,
      "BossEscortAmount": "4",
      "BossEscortType": "exusec",
      "BossName": "bosslegion",
      "BossZone": null,
      "Time": -1
    }
  ],
  "streets": [
    {
      "BossChance": 15,
      "BossEscortAmount": "4",
      "BossEscortType": "exusec",
      "BossName": "bosslegion",
      "BossZone": null,
      "Time": -1
    }
  ],
  "woods": [
    {
      "BossChance": 15,
      "BossEscortAmount": "4",
      "BossEscortType": "exusec",
      "BossName": "bosslegion",
      "BossZone": null,
      "Time": -1
    }
  ]
}
